id,car_name,des_1,des_2,des_3,des_4,des_5,des_6,des_7,des_8,des_9,des_10,des_11,des_12,des_13,des_14,des_15,des_16,des_17,des_18,des_19,des_20,des_21,des_22,des_23,des_24,des_25,des_26,des_27,des_28,des_29,ima_1,ima_2,ima_3,ima_4,ima_5,ima_6,ima_7,ima_8,ima_9,ima_10,ima_11,ima_12,ima_13,ima_14
1,Alfa-Romeo_Stelvio_(949)_Q4_2017,-0.005,-0.116,-0.039,-0.026,0.005,-0.104,0.037,-0.019,-0.042,0.0,0.04312,1.031,0.0,-0.021,0.016,-0.112,-0.133,0.0,0.0,0.196,0.018,0.598067633,0.009,-0.016,0.046,0.039,-0.063,0.004,-0.025,4.52,4.48,5.0,4.28,4.48,3.48,4.28,3.16,3.52,3.28,3.96,3.88,4.2,4.16
2,Alfa-Romeo_Tonale_concept_2019,0.114,-0.088,-0.057,0.108,0.114,0.061,0.029,-0.002,0.011,0.0,0.02325,1.008,0.0,-0.067,-0.156,-0.089,0.0,0.0,0.0,-0.012,0.0,0.52173913,-0.022,-0.069,-0.05,-0.026,-0.01,0.018,-0.035,4.0,3.4,4.65,5.0,4.4,3.85,5.05,3.5,3.25,2.6,3.7,3.35,4.2,3.55
3,Audi_Q4_e-tron_S-line_2021,0.077,-0.079,-0.045,0.093,0.02,-0.041,0.08,-0.038,0.199,0.0,0.07195,1.099,0.0,-0.269,-0.004,-0.09,-0.075,0.0,0.0,-0.006,0.0,0.242347526,0.023,-0.014,0.035,0.01,-0.05,0.046,-0.038,2.681818182,2.636363636,3.681818182,3.909090909,3.409090909,4.545454545,4.363636364,2.954545455,3.318181818,2.818181818,3.681818182,3.454545455,3.772727273,3.863636364
4,Audi_Q7_(Mk2f)_(4M)_2019,0.088,-0.064,-0.041,0.145,0.056,-0.065,0.07,-0.04,-0.007,0.0,0.052935,1.023,0.0,-0.097,0.069,-0.047,-0.097,0.0,0.0,0.071,0.007,0.630129125,-0.01,-0.042,0.002,0.004,-0.018,0.014,-0.011,4.47826087,3.956521739,4.434782609,4.565217391,4.347826087,2.956521739,4.217391304,2.782608696,3.086956522,2.608695652,3.217391304,3.434782609,3.304347826,3.608695652
5,BMW_X7_(G07)_2019,-0.002,0.091,-0.003,0.087,0.022,-0.074,0.024,-0.047,-0.106,0.0,0.06113,1.063,-0.024,-0.099,0.15,-0.11,-0.23,0.0,0.0,0.307,0.01,0.579399142,0.004,0.02,0.027,0.033,0.004,0.009,0.006,2.6,2.95,3.4,3.85,3.2,3.35,3.05,2.85,2.7,2.85,3.75,3.65,3.3,4.15
6,Byton_M-byte_2020,0.107,0.038,-0.049,0.113,0.059,0.0,0.149,-0.044,0.166,0.0,0.035815,1.063,0.0,-0.244,-0.018,-0.096,-0.022,0.0,0.0,-0.189,0.0,0.366113744,-0.025,-0.053,-0.026,-0.09,-0.029,0.038,-0.017,3.576923077,3.769230769,4.192307692,4.461538462,4.115384615,4.269230769,4.846153846,3.076923077,3.538461538,2.730769231,3.307692308,3.307692308,4.038461538,3.230769231
7,Citroen_C4_Cactus_2015,0.087,0.052,-0.036,0.001,-0.048,0.051,0.09,0.067,0.139,0.0,0.051975,1.033,0.0,-0.193,-0.12,-0.065,0.212,0.0,0.0,-0.008,0.0,0.626481715,0.03,-0.05,0.035,-0.03,0.005,0.016,-0.007,5.142857143,4.571428571,5.142857143,5.333333333,4.714285714,4.476190476,4.666666667,5.571428571,5.333333333,5.047619048,5.285714286,5.0,5.380952381,4.857142857
8,Daihatsu_Rocky_(Mk2)_2019,0.029,0.205,-0.028,0.105,0.0,-0.04,0.052,-0.004,0.147,0.0,0.039915,1.003,0.0,-0.2,-0.203,-0.122,0.22,0.0,0.0,-0.476,0.0,0.588,0.07,0.019,0.058,0.02,-0.02,0.092,0.005,3.96,3.56,2.88,3.04,3.48,4.32,2.96,4.92,4.92,5.56,5.84,5.48,4.64,5.4
9,Daihatsu_Taft_2020,-0.055,0.423,0.019,-0.043,-0.073,0.041,0.11,0.003,-0.223,0.0,0.0565,1.151,0.0,-0.355,-0.183,-0.279,0.416,-0.059,0.091,0.21,0.001,0.609424084,0.036,0.082,0.235,-0.091,0.058,0.241,0.096,3.058823529,2.823529412,1.294117647,2.882352941,1.823529412,4.176470588,2.882352941,5.0,5.117647059,5.411764706,5.823529412,5.470588235,3.588235294,4.941176471
10,Ford_Bronco_(Mk6)_2door_Badlands_2021,-0.04,0.453,0.013,-0.035,-0.039,0.028,0.081,0.137,-0.502,0.0,0.07855,1.217,-0.062,0.423,-0.393,-0.175,0.23,0.0,0.0,1.131,0.023,1.301694915,-0.023,-0.059,0.049,-0.11,0.172,0.078,-0.11,2.238095238,1.952380952,2.095238095,2.80952381,1.857142857,5.238095238,4.619047619,4.238095238,4.904761905,3.333333333,4.761904762,4.523809524,5.047619048,3.761904762
11,Ford_Evos_2021,0.007,-0.327,-0.043,0.035,0.028,-0.068,0.019,-0.061,0.297,0.0,0.061565,1.087,0.0,-0.294,0.168,0.026,-0.091,0.0,0.0,-0.219,0.0,0.380536913,0.061,-0.059,-0.014,-0.055,0.011,0.053,0.05,4.6875,3.6875,5.375,4.25,4.875,4.9375,4.5,2.9375,3.4375,3.25,4.125,4.0,3.875,4.125
12,Ford_Mustang_Mach-E_4_2020,0.105,-0.11,-0.027,0.069,-0.005,0.031,0.052,-0.037,0.05,0.0,0.076025,1.009,-0.024,-0.031,0.049,-0.075,0.051,0.0,0.0,-0.032,0.0,0.778763867,0.053,-0.019,-0.005,-0.04,-0.053,0.076,-0.01,4.1,3.55,5.5,4.4,4.85,4.65,4.65,3.05,3.7,2.85,3.55,3.65,4.5,3.6
13,Hummer_EV_SUV_2023,-0.005,0.34,-0.007,-0.15,0.021,-0.056,0.065,0.051,-0.547,0.0,0.09508,1.05,0.0,0.109,-0.232,-0.214,0.189,-0.061,0.095,0.976,0.035,0.668431772,-0.003,-0.103,0.076,-0.088,0.02,0.098,-0.062,1.636363636,1.454545455,2.272727273,3.0,1.636363636,5.0,4.772727273,3.272727273,3.954545455,2.863636364,4.954545455,3.363636364,4.681818182,3.909090909
14,Hyundai_Kona_(Mk1f)_(OS)_Electric_2020,0.088,0.031,-0.028,0.035,-0.036,-0.075,0.079,-0.038,0.168,0.0,0.04498,1.022,0.0,-0.109,-0.142,-0.048,0.173,0.0,0.0,-0.057,0.0,0.675317348,0.043,-0.015,0.016,0.039,-0.011,0.041,-0.024,5.476190476,5.285714286,5.523809524,4.238095238,4.80952381,4.238095238,3.666666667,5.142857143,5.380952381,4.857142857,5.476190476,5.380952381,4.904761905,5.285714286
15,Jeep_Renegade_Latitude_2014,0.043,0.356,0.002,0.075,0.082,-0.004,0.215,-0.056,-0.151,0.0,0.080025,0.995,0.0,-0.029,-0.187,-0.07,0.155,-0.056,0.079,0.308,0.011,0.383465819,0.023,-0.03,0.038,-0.111,0.021,0.126,0.034,2.722222222,2.888888889,2.944444444,2.888888889,2.555555556,4.833333333,3.833333333,4.5,4.333333333,4.055555556,4.5,5.111111111,4.666666667,4.777777778
16,Jeep_Wrangler_(Mk4)_(JL)_Rubicon_2018,-0.101,0.338,0.018,0.077,-0.025,-0.18,0.335,0.296,-0.466,0.0,0.066115,1.152,-0.252,0.43,-0.319,-0.212,0.061,-0.088,0.084,1.042,0.008,0.943055556,-0.049,0.042,0.094,-0.207,0.051,0.164,-0.096,1.894736842,1.578947368,1.578947368,2.0,1.789473684,5.315789474,4.947368421,3.578947368,4.736842105,3.631578947,4.473684211,4.578947368,4.684210526,3.947368421
17,Kia_Niro_(Mk1)_(DE)_e_2019,0.09,0.086,-0.076,0.093,0.028,-0.103,0.187,-0.051,0.191,0.0,0.0319,1.013,0.0,-0.181,-0.058,-0.065,0.092,0.0,0.0,-0.063,0.0,0.537772087,0.007,-0.002,-0.005,0.065,-0.006,0.036,0.022,3.954545455,4.045454545,4.636363636,3.681818182,4.181818182,3.636363636,3.0,4.590909091,4.363636364,5.090909091,5.681818182,5.181818182,3.545454545,5.409090909
18,Lamborghini_Urus_2019,0.046,-0.238,-0.061,0.06,0.013,-0.094,0.117,-0.015,-0.053,0.0,0.047915,1.058,-0.059,-0.005,0.052,0.037,-0.044,-0.015,0.026,-0.056,0.0,0.752727273,0.066,-0.086,-0.006,0.01,-0.043,-0.013,-0.033,3.80952381,3.19047619,4.714285714,4.761904762,4.285714286,5.476190476,5.80952381,2.80952381,4.428571429,2.19047619,3.80952381,3.666666667,5.523809524,3.333333333
19,Land-Rover_Defender_(Mk2)_110_HardTop_2020,-0.032,0.47,0.017,0.006,0.003,-0.007,0.099,0.041,-0.146,0.0,0.03543,1.099,0.0,0.016,-0.104,-0.16,0.129,0.013,0.047,0.504,0.005,0.680136986,0.023,0.081,-0.035,-0.069,0.11,0.088,-0.025,2.0,2.210526316,1.842105263,2.368421053,1.894736842,4.473684211,3.526315789,3.789473684,4.157894737,3.578947368,5.0,4.578947368,4.263157895,4.684210526
20,Land-Rover_Range_Rover_(Mk5)_(L460)_Autobiography_2022,0.125,0.009,-0.022,0.079,0.097,-0.054,0.132,-0.026,-0.015,0.0,0.04852,1.12,-0.014,-0.13,0.172,-0.112,-0.268,0.0,0.0,0.654,0.039,0.493972603,0.008,0.025,0.096,-0.055,-0.041,0.072,-0.012,2.684210526,2.842105263,2.421052632,3.052631579,3.210526316,2.842105263,3.684210526,3.578947368,2.842105263,3.210526316,3.947368421,3.842105263,3.052631579,3.894736842
21,Mazda_CX-4_(Mk1f)_2020,-0.008,-0.168,-0.038,0.101,0.0,-0.134,-0.039,-0.054,0.108,0.0,0.062885,1.011,0.0,0.027,-0.043,-0.044,-0.053,0.0,0.0,0.047,0.005,0.011518325,-0.029,-0.074,-0.098,-0.018,-0.007,0.07,0.007,5.47826087,5.173913043,5.260869565,3.47826087,5.217391304,3.956521739,3.869565217,3.52173913,3.869565217,3.913043478,4.913043478,4.695652174,4.0,4.739130435
22,Mazda_CX-5_(Mk2)_2017 (1),0.0,0.0,0.0,0.0,0.0,0.0,0.0,0.0,0.0,0.0,0.07,1.0,0.0,0.0,0.0,0.0,0.0,0.0,0.0,0.0,0.0,0.0,0.0,0.0,0.0,0.0,0.0,0.0,0.0,4.045454545,3.409090909,4.636363636,3.681818182,4.363636364,4.090909091,3.545454545,3.090909091,3.454545455,4.181818182,5.045454545,4.681818182,4.0,5.0
23,Mercedes-Benz_EQC_2020,-0.004,0.097,-0.067,0.003,0.097,-0.061,0.121,-0.031,-0.116,0.0,0.04404,1.056,-0.109,0.069,0.053,-0.106,-0.12,0.007,-0.006,0.351,0.042,0.727683616,-0.027,-0.09,0.099,-0.009,-0.057,0.037,0.03,2.823529412,3.352941176,4.647058824,4.294117647,4.058823529,3.352941176,4.058823529,2.882352941,2.411764706,2.529411765,3.470588235,3.470588235,3.882352941,3.647058824
24,Mercedes-Benz_G-class_(Mk2)_(W463)_2019,-0.035,0.303,0.021,0.066,0.022,-0.075,0.177,0.081,-0.47,0.0,0.129705,1.1,-0.202,0.237,-0.055,-0.109,0.087,-0.07,0.07,1.005,0.002,0.107438017,-0.02,0.145,0.005,-0.149,0.091,0.24,0.042,1.807692308,1.615384615,1.576923077,2.5,1.730769231,4.384615385,3.423076923,3.269230769,3.5,2.653846154,4.461538462,3.192307692,3.384615385,3.769230769
25,Mercedes-Benz_GLA-class_(H247)_Progressive_Line_Edition_1_2020,0.063,0.072,-0.039,0.055,0.054,0.015,0.051,-0.113,0.14,0.0,0.060255,1.092,0.0,-0.138,0.003,0.01,0.104,-0.07,0.066,0.134,0.014,-0.035968992,-0.025,-0.02,0.04,0.039,-0.005,0.025,-0.014,4.28,3.48,4.72,3.36,4.04,3.56,3.28,3.6,3.72,3.76,4.36,4.2,3.92,4.64
26,Nissan_Ariya_e-4orce_2020,0.126,0.066,-0.048,0.071,0.0,0.082,0.053,-0.02,0.216,-0.027,0.063905,0.99,0.0,-0.272,-0.068,-0.086,0.004,0.0,0.0,-0.003,0.0,0.30206422,-0.007,-0.073,0.017,0.022,-0.015,0.078,-0.036,3.428571429,3.571428571,5.761904762,4.0,4.523809524,4.19047619,4.714285714,3.80952381,3.666666667,2.857142857,3.80952381,4.047619048,4.380952381,4.047619048
27,Nissan_Juke_(Mk2)_2020,0.083,-0.143,-0.044,0.038,-0.019,0.015,0.141,0.015,-0.039,0.0,0.037605,1.053,-0.003,0.076,-0.103,-0.007,0.143,0.0,0.0,0.017,0.002,0.883969466,0.059,-0.07,0.013,-0.006,0.038,0.007,0.0,4.2,3.333333333,4.6,5.0,3.533333333,5.066666667,4.133333333,4.8,5.333333333,5.333333333,5.866666667,5.066666667,5.0,5.333333333
28,Suzuki_Jimny_(Mk4)_(JB74)_Sierra_2019,0.0,0.417,0.029,0.07,-0.004,-0.031,0.161,-0.064,-0.523,0.0,0.052995,1.095,0.0,0.327,-0.347,-0.196,0.285,0.003,0.063,1.194,0.0,1.276923077,-0.022,0.071,0.104,-0.178,0.167,0.222,0.012,4.75,3.4,2.0,2.9,2.8,4.4,3.75,5.3,5.55,5.0,5.1,5.3,4.85,5.4
29,Toyota_Harrier_(Mk4)_2020,0.134,-0.039,-0.04,0.155,0.094,0.051,0.092,0.1,0.087,0.0,0.07832,1.024,-0.065,-0.041,0.058,0.094,-0.074,0.0,0.0,0.107,0.011,0.409984399,0.034,-0.041,0.035,0.0,-0.011,0.105,0.021,4.285714286,3.714285714,5.095238095,4.142857143,4.380952381,3.333333333,4.333333333,3.0,2.714285714,2.523809524,3.333333333,3.380952381,3.761904762,3.666666667
30,Volvo_C40_Recharge_2021,-0.01,-0.164,-0.084,0.084,0.065,0.018,0.074,-0.001,0.019,0.0,0.0349,1.044,0.0,-0.017,-0.075,-0.076,0.048,0.0,0.0,-0.005,0.0,0.691410049,0.019,-0.048,0.005,-0.023,0.01,0.042,-0.006,3.714285714,3.535714286,4.035714286,4.25,3.964285714,4.107142857,4.0,3.535714286,3.464285714,3.321428571,4.214285714,4.321428571,3.642857143,4.285714286
31,Volvo_XC60_(Mk2)_T6_Inscription_2017,0.043,0.068,-0.01,0.103,0.058,0.028,0.026,-0.016,-0.021,0.0,0.09167,1.025,-0.041,0.065,-0.027,-0.096,0.003,0.0,0.0,0.411,0.021,0.786168224,0.042,-0.024,-0.038,0.061,0.032,-0.045,-0.01,3.6,3.35,3.75,4.15,4.5,3.9,3.85,3.2,3.0,3.1,4.05,3.75,3.75,4.2
32,BMW_X1_(Mk2)_(F48)_2015,-0.135,0.1,-0.054,0.045,-0.018,-0.042,0.058,-0.037,-0.134,0.0,0.053065,1.013,-0.069,0.078,0.003,-0.128,-0.071,0.0,0.0,0.454,0.047,0.095402299,0.015,-0.014,0.033,-0.088,-0.029,-0.005,-0.049,3.45,2.95,3.35,3.45,3.05,3.55,3.8,2.7,2.45,2.6,4.05,3.7,3.75,4.15
33,BYD_E6_2021,0.056,0.201,-0.01,0.008,-0.006,0.011,0.029,-0.036,0.324,0.0,0.079605,0.989,0.0,-0.469,0.101,0.017,-0.058,0.0,0.0,-0.211,0.076,0.434424696,0.031,0.031,0.068,0.138,-0.055,-0.034,-0.015,2.761904762,3.333333333,4.380952381,2.666666667,3.666666667,2.857142857,1.714285714,3.952380952,3.761904762,4.714285714,6.0,5.619047619,3.476190476,6.095238095
34,Chevrolet_Equinox_(Mk3f)_Premier_2020,0.004,0.159,-0.024,0.099,0.092,0.004,0.107,-0.008,0.155,0.0,0.04862,1.074,0.0,-0.231,0.03,0.02,-0.053,0.0,0.0,0.136,0.011,0.231046931,0.077,-0.001,0.035,-0.016,0.002,-0.021,-0.078,2.714285714,2.619047619,4.047619048,3.714285714,3.19047619,3.761904762,3.571428571,3.714285714,3.619047619,3.857142857,4.761904762,4.285714286,3.80952381,4.761904762
35,Chevrolet_Tahoe_(Mk5)_(GMT1YC)_Z71_2020,0.144,0.163,-0.007,0.044,0.023,-0.119,0.1,-0.038,-0.074,0.0,0.05832,1.094,0.0,-0.253,0.144,-0.056,-0.287,-0.026,0.05,0.134,0.005,0.353810082,0.002,-0.045,0.028,-0.035,0.082,0.046,0.021,1.125,1.25,1.666666667,3.083333333,1.833333333,4.625,4.75,2.75,3.125,2.166666667,3.166666667,2.958333333,3.666666667,3.416666667
36,Ford_Bronco_Sport_2021,-0.032,0.255,0.025,0.047,0.072,-0.03,0.054,-0.033,-0.183,0.0,0.0718,1.002,0.0,0.072,-0.194,-0.124,0.1,0.0,0.0,0.65,0.0,0.746590909,0.012,-0.006,0.033,-0.061,-0.016,0.102,-0.01,2.526315789,2.526315789,1.842105263,3.263157895,2.052631579,4.526315789,4.473684211,3.684210526,4.210526316,3.473684211,4.210526316,4.210526316,4.368421053,4.0
37,Genesis_GV70_2021,0.111,-0.042,-0.031,-0.06,-0.023,-0.062,0.059,-0.041,-0.06,0.0,0.057615,0.995,0.0,0.024,-0.072,-0.168,-0.053,0.0,0.0,0.228,0.019,0.244791667,-0.003,-0.016,-0.049,-0.031,-0.026,0.019,-0.014,3.916666667,3.375,4.666666667,4.25,4.0,4.208333333,4.083333333,3.0,3.5,3.166666667,3.916666667,3.541666667,3.5,3.958333333
38,Genesis_GV80_2020,0.122,0.08,-0.048,0.102,-0.002,0.006,0.073,-0.021,-0.119,0.0,0.071615,1.029,-0.115,0.075,0.047,-0.08,-0.105,0.0,0.0,0.258,0.024,0.686857143,0.026,-0.026,-0.001,-0.051,0.006,0.009,-0.063,2.15,2.4,3.65,4.3,3.15,3.7,4.25,2.8,2.9,2.35,3.7,3.05,3.65,4.0
39,GMC_Terrain_(Mk2f)_SLT_2022,0.049,0.141,-0.046,0.065,0.028,0.003,0.025,-0.002,0.008,0.0,0.06224,1.067,0.0,-0.138,0.046,-0.035,-0.061,-0.084,0.073,-0.096,0.0,0.569918699,-0.014,-0.051,0.056,0.001,0.018,-0.009,-0.027,2.1875,2.3125,3.0,3.5,2.75,4.5625,3.75,3.25,4.0,3.375,4.1875,3.8125,4.125,4.3125
40,Honda_CR-V_(Mk5)_Touring_2017,0.058,0.13,-0.039,0.108,-0.028,-0.027,0.184,-0.013,0.032,0.0,0.050255,1.044,0.0,-0.033,-0.038,-0.038,-0.07,0.0,0.0,0.171,0.017,0.031279621,-0.024,-0.072,0.014,-0.011,0.018,-0.003,-0.075,2.791666667,2.833333333,3.458333333,3.25,3.0,4.375,3.208333333,3.833333333,3.833333333,4.5,4.833333333,4.208333333,4.166666667,5.083333333
41,Hyundai_Ioniq_5_2022,0.219,-0.194,-0.017,0.07,0.067,0.001,0.075,-0.011,0.218,0.0,0.058315,1.005,0.0,-0.267,-0.049,-0.128,0.128,0.0,0.0,-0.302,0.0,0.574394464,-0.03,-0.006,-0.073,0.007,-0.025,0.033,0.009,4.0,3.941176471,3.705882353,3.941176471,3.705882353,3.529411765,4.823529412,3.235294118,4.0,3.176470588,3.882352941,3.705882353,4.470588235,3.588235294
42,Jeep_Grand_Cherokee_(Mk5)_(WL)_L_Summit_2021,0.043,0.181,-0.019,-0.043,-0.02,0.007,0.124,-0.008,0.037,0.0,0.05154,1.092,0.0,-0.217,0.144,-0.093,-0.222,-0.044,0.078,0.582,0.034,0.396572827,0.028,0.02,0.006,-0.005,0.034,0.04,-0.009,1.583333333,1.625,2.625,2.875,2.0,4.166666667,4.166666667,3.0,3.0,2.166666667,3.708333333,3.166666667,3.291666667,3.791666667
43,Lexus_LX_(Mk3f)_(J200)_2016,0.139,0.146,-0.012,0.088,0.017,-0.064,0.107,-0.048,-0.07,0.0,0.06199,1.099,0.0,-0.098,0.098,0.02,-0.218,-0.048,0.041,0.543,0.025,0.490830946,-0.02,-0.007,0.075,-0.022,0.003,0.011,-0.027,1.315789474,1.210526316,2.947368421,3.578947368,2.315789474,4.210526316,4.368421053,3.210526316,2.263157895,2.210526316,3.263157895,2.736842105,3.526315789,3.315789474
44,Maserati_Levante_2017,0.062,-0.184,-0.047,0.073,0.047,-0.098,0.057,-0.058,-0.009,0.0,0.0343,1.071,-0.104,0.045,0.076,-0.041,-0.1,0.0,0.0,0.156,0.015,0.452972973,0.023,-0.022,-0.019,0.009,0.005,-0.01,-0.041,4.0,3.727272727,5.272727273,5.136363636,4.136363636,4.181818182,4.954545455,2.5,2.818181818,2.5,3.181818182,2.909090909,4.318181818,3.136363636
45,Mazda_CX-30_2020,0.068,-0.006,-0.008,0.074,0.025,-0.001,-0.026,-0.07,0.084,0.0,0.05587,0.976,0.0,0.027,-0.154,-0.026,0.141,-0.02,0.044,0.205,0.013,0.791623037,-0.027,-0.035,-0.056,-0.001,-0.031,0.014,-0.003,4.333333333,4.047619048,4.857142857,3.761904762,4.666666667,3.857142857,3.285714286,3.428571429,3.904761905,3.952380952,4.571428571,4.666666667,3.714285714,4.714285714
46,Nio_ES8_2018,0.103,0.103,-0.046,0.044,0.018,-0.025,0.038,-0.023,0.071,0.0,0.062975,1.036,0.0,-0.143,0.082,-0.061,-0.125,-0.046,0.062,-0.044,0.013,0.205114401,0.011,0.008,0.001,-0.038,-0.017,0.019,0.018,3.2,2.84,3.72,3.6,3.36,4.08,4.0,3.2,3.84,3.32,4.72,4.0,3.88,4.48
47,Nissan_Patrol_(Mk6f)_(Y62)_Ti_2020,0.026,0.289,0.003,0.105,0.017,-0.008,0.101,0.157,-0.128,0.0,0.04921,1.118,0.0,-0.151,0.09,-0.066,-0.142,0.0,0.0,0.124,0.003,0.53608522,-0.026,-0.01,0.038,-0.068,0.053,0.117,0.043,1.772727273,1.818181818,1.909090909,2.590909091,1.772727273,3.772727273,3.727272727,3.363636364,3.636363636,3.0,4.409090909,3.454545455,3.590909091,4.727272727
48,Opel_Mokka_(Mk2)_e_2021,0.082,-0.075,-0.002,0.088,0.056,-0.083,0.119,-0.039,-0.012,0.0,0.0396,0.957,0.0,0.013,-0.261,-0.116,0.196,0.0,0.0,-0.113,0.0,0.731856899,-0.016,-0.082,-0.078,-0.004,-0.008,-0.028,-0.07,4.157894737,3.684210526,4.052631579,3.894736842,3.789473684,4.526315789,3.947368421,4.578947368,5.052631579,4.315789474,4.947368421,4.789473684,4.526315789,4.842105263
49,Porsche_Cayenne_(Mk3)_S_2017,0.017,-0.081,-0.03,0.074,0.073,-0.07,0.022,0.087,0.031,0.0,0.03546,1.052,-0.024,-0.045,0.05,0.016,-0.056,0.0,0.0,0.149,0.012,0.68372093,0.022,-0.035,0.043,-0.008,-0.064,0.036,-0.005,4.05,4.0,4.45,4.55,4.35,3.6,4.85,3.3,2.65,2.5,3.55,3.6,3.95,3.65
50,Renault_Triber_2020,-0.001,0.173,0.003,0.071,0.013,-0.018,0.068,-0.049,0.045,0.0,0.061745,0.971,0.0,-0.297,-0.175,-0.227,0.178,0.0,0.0,0.283,0.011,0.459531773,-0.023,0.021,0.015,0.028,0.013,0.035,-0.051,4.375,3.9375,4.8125,3.8125,4.3125,4.3125,3.0625,5.25,5.0,5.1875,5.4375,5.375,5.125,5.75
51,Toyota_bZ4X_2021,0.077,-0.247,-0.002,0.052,0.024,0.045,0.013,-0.052,0.172,0.0,0.02258,1.117,0.0,-0.25,0.028,-0.045,-0.005,0.0,0.0,0.036,0.002,0.413647059,-0.027,-0.045,-0.017,0.002,0.014,0.081,-0.047,3.272727273,3.272727273,3.772727273,3.954545455,3.409090909,4.090909091,4.181818182,3.181818182,3.590909091,3.272727273,4.363636364,3.681818182,4.136363636,4.181818182
52,Toyota_C-HR_(Mk1f)_2019,0.247,-0.22,-0.031,0.074,0.012,-0.006,0.074,-0.054,0.175,0.0,0.060475,1.024,0.0,-0.136,-0.072,0.011,0.111,0.0,0.0,-0.182,0.0,0.447554348,-0.002,-0.051,-0.037,0.068,0.027,0.016,-0.027,3.947368421,3.421052632,4.526315789,4.473684211,4.0,5.105263158,3.684210526,4.210526316,5.105263158,5.0,5.105263158,4.947368421,4.736842105,4.894736842
53,Toyota_Land_Cruiser_(Mk9)_(J300)_GR-S_2021,0.037,0.29,-0.003,0.099,0.023,-0.058,0.083,-0.024,-0.144,0.0,0.073795,1.072,0.0,-0.04,0.034,-0.075,-0.186,-0.066,0.077,1.131,0.038,0.5240625,0.041,0.035,-0.009,-0.018,0.121,0.051,-0.026,1.545454545,1.590909091,2.045454545,2.909090909,1.727272727,4.772727273,4.136363636,3.272727273,3.045454545,2.272727273,3.636363636,3.272727273,3.545454545,3.590909091
